sequence,mean_plddt,pdb
GRSDAYTQVDNFLHAYARGGDELVNGHPSYTVDQAAEQILREQASWQKAPGDSVLTLSYSFLTKPNDFFNTPWKYVSDIYSLGKFSAFSAQQQAQAKLSLQSWSDVTNIHFVDAGQGDQGDLTFGNFSSSVGGAAFAFLPDVPDALKGQSWYLINSSYSANVNPANGNYGRQTLTHEIGHTLGLSHPGDYNAGEGDPTYADATYAEDTRAYSVMSYWEEQNTGQDFKGAYSSAPLLDDIAAIQKLYGANLTTRTGDTVYGFNSNTERDFYSATSSSSKLVFSVWDAGGNDTLDFSGFSQNQKINLNEKALSDVGGLKGNVSIAAGVTVENAIGGSGSDLLIGNDVANVLKGGAGNDILYGGLGADQLWGGAGADTFVYGDIAESSAAAPDTLRDFVSGQDKIDLSGLDAFVNGGLVLQYVDAFAGKAGQAILSYDAASKAGSLAIDFSGDAHADFAINLIGQATQADIVV,0.7958713173866272,results/pdb/single_shot/pred_0000.pdb
AVSEAAARVAAYLNAFPRGTPELFNGKPSFTVEEMAEQILRSGARWTRAPGATVLTLSYSFMTAPDEFYLNPSKYIPGIKDLGEFSPLSPLQKEKTKEALRAIEDVVNIEFVDAGEGDTGDLRFAKYSKSFGGISFAFLPNVPEALRGLALFLENENIKVNDKPAVGTLGMRILTHEILHCLGLDHPSGHSGGGSNPTCEDAEYAEDTLAYSVMSYCPASETGADFQGAYPSAPMIDDIAALQKLYGRNTTTYTGDTVFGYNSNIPREWYTITSASSKPVATIVSAGGTDTLDTSGCTTDDTINLQPEKFSDVCGLKGNVSIAPGVTIENAVGGSGNDLLIGNGGADVLTGGAGDDILYGGAGADTLTGGTGADTYVYTDKAESPAANPDLITDFVAGVDTIDLSALPEFSTGGLKLTFVDKFTGKPGEVIISYDEATGTGSLEIDFNGDAKPDFKINLKGKLTKDDIVT,0.8071978092193604,results/pdb/single_shot/pred_0001.pdb
SVSSASAKVAAYLNAYPVGTPALINGKPSFTVEEAADRILRAGCRWEKAEGETVLTLSYSFLTEPNDFYKNPSKYIPGIKDLGEFSPPSPLQREMTKRALAAIEDVVNIKFVDAGEGDDGDLRFANYSKSFGGNSFAFLPNVPEELKGLVLLLVNKTNTVNENPAVGTLGERILTHEILHALGLGHPSGSDGGSENPTCADNEFAEDTLAYSVLSHCPATESGFDFKGAYPSAPLIYDVAALQKLYGRNTTTYTGNTVFGNNSNIPRDWYTMTSSSSKPIATIVDAGGTDTLDASLCTAADNINLNAGKFSDVCGLKGNVSIAPGVTVENAIGGSGADLLVGNGGADTLTGGAGNDILYGGAGADTLTGGAGADTYVYTDINESTASNPDTIVDFVAGTDKIDLSALKQFSEDKLKLTYVDKFTGKAGEVIISYDKATGEGSLEIDFNGDAKPDFKINLKGKLTEDDIVI,0.7925493121147156,results/pdb/single_shot/pred_0002.pdb
AVSAASARVAAAETADPRGTSALINGKPSFTVEEHADQILRAGAKWTRAEGATVLTLSYSFLTSPDDFYKNPSKYIPGWKSLGEFSPMSANQKAMTKQALKAIANVVNINFVDAGDGDSGDITFAKYSKSIGGDSFAFLPNVPPELRGRVYLLENENFKINDNPAVGNRGQRILTHEILHALGLNHPSGSDGGTANPTCADATFAEDNLQHSVMSGCPATNDGGDFKGAYASAPLLDDIAALQKLYGRNTTTYTGNNVFGWNSNIPEAWATITSASDIPIFTIWAAGGTDTLDTSGCTADQTINLAPEKFSDVCGTKFNVSIAPGVTIDNAIGGSGNDLLIGDGGADVLTGGAGNDILKGGAGADTLTGGSGNDTYVFTDKAESPASAPDTITDFVAGTDKIDLSALDEFRNGGLKLTFVDKFTGKAGEVIISYDSATGKGSLEIDFNGDAKPDFRINLNGKLTENDIVV,0.7945041656494141,results/pdb/single_shot/pred_0003.pdb
GVSAAAQKVAEALAAYPVGTSSLVNGKPSFTVDEAADQILRSGAKWTRKPGETVLTLSYSFMTSPDSFYEHPADYVPGWSDLGTFSPLSATQKAATKEALANIADVVNIKFVDKGEGHEGDITFGKYSKSVGGDSFAFLPDVPEELKGRVYLLVNSTNTTNENPAVGNKGQRTITHELLHALGLDHPWGASGGGANPTCADAEFAEDNLAYSVMSYCSAANDGFDFKGAYPSGPLLYDVEALQKLYGRNTTTYTGDNVFGWNSNINRAYYTITSASDIPVFTIVTAGGTDTLDASGCTEDNTIILEEGKFSDVCGTKGNVSIAKGVTVENAIGGTGNDLIIGNAGADTLIGGAGDDILYGGAGADTLTGGAGNDTYVYTDWSESTAANPDTITDFDAGEDTIDLSALAAFSTGGLRLTYVSSFTGKSGEVIISYDEATGTGSLEIDINGDAKADFKINLKGKLTKDDIVI,0.7626605033874512,results/pdb/single_shot/pred_0004.pdb
GISEASKKVLDYRNAFPIGTSALVNGKPSFTVEQAAAQLLAAGAKWTTAPGQTVLTLSYSFATAPNDFYNNPSNYIPGWSDLGTFSPLTPLQKEMTKIALDNIADVVNIEFVDAGDGWSGDITFAKYSKSFGGNSFAFLPNVPAALRGIVLLLVNSTNKVNEKPAVGSLGMRIITHELLHALGLSHPWGSGSGSANPTCSDATFAEATLLYSVMSWCPASYSGGDFQGAYASGPMLFDIAALQKLYGRNTTTFTGNTVFGWNSNIPRPEYTITSSSSKPIFTIHTAGGTDTLDASGCSSNMTIDLTPEKFSNVCGLKYNVSIAPGVTVDNAIGGSGNDLLIGDGGADTLNGGAGNDIIYGGAGADTLTGGSGNDTYVFTDWSESPATAPDTITDFVAGKDKIDLSALDAFRKDKLKLTFVDKFTGKAGEVIITYDPATGTGGIEIDINGDAKADFKINLKGKLTKDDIVI,0.7802716493606567,results/pdb/single_shot/pred_0005.pdb
MVSEATKKVLEYLNAYPRGTDKLFNGLPSFTVDEAADQILRAGCKWTKAAGETVLTLSYSFMTEPNDFYKNPSKYIPGVKDLGKFSPLTANQKAQTKLALKAIEDVVNIKFVDKGDGHDGDIRFGNYSKSFGGNGFAFLPCVPEELKGLALFLVNDTYTVNKNPATGNLGLRNLTHELLHCLGLRHPWGDEGGGPNPTCKDAYFAEDTLAYSVLSSCPATETGADFKGAYPSAPLLDDIAALQKLYGRNTTTYTGDNVFGANSNIDAPWLTITSASTKPIATIHSAGGTDTLDASICTTDDKINLQEEKFSDVCGLKGNVSIAKGVTIHNAVGGSGDDLLVGDGGADTLTGGAGDDILYGGGGADTLTGGAGADTYVYTDKSESPASAPDLITDFVAGTDKIDLSGLKEFSENGLKLTYVTSFTGKAGEVIISYDSATGKGSLEIDFNGDAKPDFRINLTGKLTENDIVT,0.7875905632972717,results/pdb/single_shot/pred_0006.pdb
SISEETQKVLDYLNAYPRGTSALVNGKPQFTVDQAAEQLLRSGAHWEKAEGKEKLTLTYSFLTEPNDFYKNPSKYIPGWKDLGEFSPPTENQKEMFKKSMKSIADVVNIEFVDAGEGDKGDIKLGKYSKSIGGDSFAFLPNVPPELRGLILLLENETNKINEKPAVGTKGERILTHELLHALGLNHPTGSPGGNSNPTCDDNLFAEDNLQYSVMSHCDAKNTGGDFKGAYPSAPMLDDIAALQKLYGRNTTTYTGDNVFGWNSNINDPSYTATSASTKMIATIVAAGGTDTLDASGCTTADKIDLRPEKFSDVCGLKANVSIAPGVDVENAVGGSGNDLIIGDGGADVLTGGAGNDILYGGAGADTLTGGSGNDTYVYTDKAESPASAPDTISDWKAGTDKIDLSGLTEFSVNGLKLTYVDKFTGKPGEVILSYDSATGKGSLEIDFNGDAKPDFRINLNGKLTSSDIVT,0.7794124484062195,results/pdb/single_shot/pred_0007.pdb
AVSDATTKVQNALNAYPRGTSSLTNGKPSFTVAQAAEQLLRSGARWTRAAGQTVLTLSYSFLTEPDDFYRNPSAYVPGWSSLGTFSPLTATQKAMTKLALKSIADVVNINFVDAGDGDTGDLRFATYSTSQGGLSFAFLPDVPPELRGRIYLLENASNTVNKNPAVGTLGMRILTHEILHALGLDHPSGSSGGGSNPTCADAEFAEDTQAYSVMSWCPASNDGFDFKGAFASAPLLIDIEALQKLYGRNTTTYTGDNVYGANSNIPRPEYTITSADSKPIFTIHDAGGTDTLDASICTEAQTINLNAEKFSDICGLKGNVSIAKGVTLENAVGGTGDDLIIGDSGADTLTGGAGNDILYGGAGADTLTGGAGADTYVFTNKAESPASAPDTLTDFVAGTDKIDLSGLEEFSKNKLKLTYVDKFTGKPGEVIISYDEATGKGSLEIDFDGDAKPDFRIDLNGKLTKDDIVV,0.7986249923706055,results/pdb/single_shot/pred_0008.pdb
GKSAAAQAVEDYRKANPRGTPGLVNGKPSFTTDEHAEQINRAGARWTRAEGETVLTLSYSFLTEPDRFYLHPEEYVPGWKSLGKFSPLTANQKAATKEAMKNIEDVVNIKFVDKGDGDSGDIRFGTYSESQGGNSFAFLPNVPAELRGLVLLLRNESNTTNDNPAVGTLGQRTLTHELLHALGLEHPSGREGGNSNPTCEDNLFAENTLQYSVTSSCPATETGGDFKGAYPSGPLLDDIEALQKLYGRNTTTYTGDTVYGANSNIARPDYTITSSSSKLIATIHTAGGTDTVDTSICTTDDKIDLTEEKFSDVCGLKYNFSIAKGVTVHNAIGGSGNDLIIGNAGADTLTGGAGNDILYGGAGADTLTGGSGADTYVYTDWAESPASAPDTITDFTAGTDTIDLSALKEFSKDKLKLTYVTKFTGKAGEVIINYDAATGTGSIEIDINGDAKPDFKINVNGKITTSDIVI,0.773605465888977,results/pdb/single_shot/pred_0009.pdb
AVSAAAQKVADYRNAYPRGTPELINGKPSFTRDEHADQILRKGAHWTKAPGATVLTLSYSFLTEPDDFYLNPSKYIPGWSSLGTFSPPSDLVKAEFKKAMKSIADVVNINFVDAGDGHSGDIRLAYYSLSKGGLSFAFLPDVPEELKGLVLLLRNANNKTNDKPATGNLGMRTLTHELLHALGLSHPTGYESGKSNPTYEDATFAEDTKAYTVNSDFPASNNGFDFNGAYPSGPLLDDIVALQKLYGRNTTTYTGNTVYGYNSNINRDDYTVTSSSTKLIATIVTAGGTDTIDTSGCTTNDNIDLTEEKFSDVCGNKGNLSIAKGVTVDNAIGGSGNDLLIGNAGADTLNGGAGNDILQGGAGADTLTGGSGNDTYVYTDKAESPASAPDTITDFVAGTDKIDLSALPQFSTGGLTLTYVDKFTGKAGEVIISYDAATGKGGLEIDFNGDAKPDFKINLTGKLTKNDIVT,0.7956275343894958,results/pdb/single_shot/pred_0010.pdb
SISSATQKVLNALNAYPIGTSDLINGKPSFTVDEAADRLLRSGARWEKAEGETVLKLSYSFMTKPNDFYKNPSKYIPGWSSLGTFSPLSPLQKKMLKEALKSIADVVNIEFVDKGEGDDGDITFAKYSKSIGGDSFAFLPNVPEELRGLILLLENENYTINKNPAVGNEGMRILTHETLHALGLNHPTGDESGTSNPTCADNDFAEDNLQYTVLSDCDAKTSGGDFKGAYPSAPMLYDIAALQKLYGRNTTTYTGNNVFGYNSNINRPWLTVTSSSTIPIATIVDAGGTDTLDASGCTTAQTINLKEGAFSDVCGTKANVSIAKGVTVHNAIGGSGNDLLIGNAGADTLTGGAGNDIIYGGAGADTLTGGAGNDTYVFTDFAESPASSPDTIADFVAGTDTVDLSGLKAFYEDKLKLTFVDEFTGKAGEVIIGYDEATGKGSLEIDVNGDAKPDFRINFNGKLTENDIVV,0.7888731360435486,results/pdb/single_shot/pred_0011.pdb
GISDAAKKVLAYLNAYPRGTPELINGKPSFTVDEAAAQLLRAGARWERAPGETVLTLSYSFLTAPDDFYLNPSAYIPGWSSLGTFSPPSPLQREAARRAMASIARVVNIKFVDAGEGDSGDIRLGFYSESQGGLGFAFLPDVPAALRGLALLLRNSTHRVNEAPAVGTLGQRNLTHELLHTLGLSHPSGAPGGGAAPTCADRLFAEDTLAYSVMSWCDAKETGFDFKGAYPSSPMLYDIAALQRLYGRNTTTFTGDTVFGANSNIPFPDYTITSATSKPIFTIHDAGGTDTLDASICTTDNKINLAPEKFSDICGNKGNVSIAPGVTVHNAVGGSGNDLLIGNGGADTLTGGAGNDILYGGAGADTLTGGTGNDTYVYLDKAESSADAPDTITDFVAGRDKIDLSALPEFSKNKLKLTFVDKFTGKAGEVIISYDSATGKGSLEIDFNGDAKPDFKINLNGKLTKDDILT,0.8007361888885498,results/pdb/single_shot/pred_0012.pdb
SISAASQAVADYLNAYPRGTSALINGKPSLTVEEMADRLLRAGARWERAEGEDVLRLSYSFLTAPNDFYLQPSRYIPGVSDLGTFSPLTDNQKAATKLALASIADVVNIEFVDAGDGDDGDIRFGNYSKSFGGSSFAFLPDVPPELRGLVLLLVNATNTVNKNPAVGTLGMRILTHELLHALGLRHPWGDDGGTSNPTFADADFAEDTIATTVLSSNPASNIGADFQGAYPSAPMLDDIAALQKLYGRNTTTYTGDTVFGANSNVDRPWLTITSANDKPIATIHTAGGTDTLDASICTTNDKINLTEGAFSDVCGLKGNVSIAPGVTVDNAIGGSGNDLLVGDGGADTLNGGAGNDILYGGAGADTLTGGSGADTYVFMDPAESPATAPDTITDFKAGTDKIDLSALKAFSVDKLKLTFVDKFTGKAGEVIISYDEATGKGSIEIDFNGDAKPDFRIDLTGKVTKDDIIT,0.789226770401001,results/pdb/single_shot/pred_0013.pdb
SISEASKKVLDYKNADPRGTPALINGKPSYTVAEMADQLLRAGAHWTTAAGNTVLTLSYSFLTAPDDFYLNPSAYIPGISSLGTFSAPTANQRAAFKKALAAIADVVNINFVDAGDGDTGDIRLGFFSSSFGGNSFAFLPNVPAALRGLIYLLQNSTNTTNANPAVGSKGMRILTHELLHALGLSHPWGAAGGSSAPTCADADFAEADLRYTVMSSCSAANTGGDFKGAYPSAPLLADVAALQKLYGRNTTTFTGDTVFGANSNIPRDWYTITSASSVPVATIVKAGGTDTIDTSICTTDDKIDLTPGKFSDVCGTKFNLSIAPGVTVHNAIGGSGNDLIIGDGGADVLNGGAGNDILYGGAGADRLNGGAGNDTYVYLDTAESPASAPDHIVDFVAGTDKIDLSALKQFSEDKLKLTFVDKFTGKAGEVIIGYDEATGKGSLEIDFNGDAKPDFKINLDGKLTKDDIIY,0.7903643846511841,results/pdb/single_shot/pred_0014.pdb
GVSEAAQRVQNYRNAFPRGTSSLINGKPSFTVDEHADRLLRRGARWERAEGEKVLTLSYSFMTSPNDFYLNPSKYVPGWKSLGTFSPLSSNQQTQTKIALQNIADVCNIKFVDAGNGDAGDIKFGKYSLSQGGNSFAFLPDVPPALRGLALLLENSTNTVNKNPAVGTLGMRTLTHELLHCLGLSHPTGLEGGGTNPTCKDDEFAEDTLAYSVMSDCPATEDGFDFKGAYASGPLLDDIAALQKLYGRNTTTYTGDTVFGANSNIPRPWLTITSASSKPIFTIVDAGGTDTLDASICTENMTIDLTAGKFSDVCGLKGNVSIAEGVTVHNAVGGSGNDLLIGNGGADTLTGGAGNDILAGGAGADTLTGGAGADTYVFTDPAESPASAPDTIADFVAGTDKIDLSALPAFSVGGLTLTYVDSFTGKAGEVIISYDAATGTGSLAIDFDGDAKPDFRINLTGTLTAADIVT,0.7978811860084534,results/pdb/single_shot/pred_0015.pdb
SVSAASQAVQTYQNAYPRGTPALKNGKPEFTDDEMADQILRAGCKWTKAAGQTVLTLSYSFLTEPNDFYKNPSKYIPGWKSLGTFSAPSEIQKKETKLALASIADVVNIKFVDAGEGDSGDIKFGYFSESIGGKSFAFLPCVPAELKGLVLLLRNDSYKVNDNPAVGNLGMRILTHEILHALGLNHPTGADGGTANPTCADATHAEDNLQYSVMSSCPATEDGGDFKGAYPSAPQIDDVVALQKLYGRNTTTWTGNNVYGWNSNINRPWYTATSASDVLFATIVDAGGTDTLDTSGCTTNDKINLTEGKFSDVCGTVGNVSIAKGVTVHNAIGGSGNDLLIGNGGADTLNGGAGNDIISGGAGADTLTGGSGNDTYVFTSTSESTAASPDTITDFVAGTDKIDLSALPQFSTGKLKLTFVDKFTGKAGEVIISYDSSSGKGSIEIDFNGDAKPDFKINLNGTITESDIIW,0.8036866784095764,results/pdb/single_shot/pred_0016.pdb
GISSATQQVLAYLNAYPVGTPELINGKPSFTVDEAADQLLRAGARWTRAPGAEVLTLSYSFATAPDAFYLNPSAYVPGWKDLGTFSPPSATQRAAFKQALAAIARVVNIRFVDAGDGHAGDIRLARYSKSVGGNSFAFLPDVPAELRGLILLLVNETNTVNQNPAVGNLGMRILTHELLHALGLSHPYGSSGGSSNPTFEDADFAEADLAWSVMSDFPASNSGADFKGAYPSNPLIYDIAALQKLYGRNTTTFTGNNVFGANSNIPDPAYTITSSSSIPIATIHAAGGTDTLDASICTTNMKINLTPGKRSDVCGTKGNVSIAPGVTIENAVGGSGNDLLVGDAGADTLVGGAGNDIIYGGAGADTLTGGSGNDTYVYTDWAESPASAPDTITDFVAGKDKVDLSGLSAFSSGGLTLTFVDKFTGKPGEVIISYDEATGTGSLEIDIDGDAKPDFKINFKGKLTKDDIIT,0.8032112717628479,results/pdb/single_shot/pred_0017.pdb
GISAATKQVQDALNAFPRGTPELINGKPSYTTDQAADRLLRNGARWERAEGETVLTLSYSFLTAPTEFYRNPSAYVPGWKSLGTFSPLSPLQQQQTKLALAAISDVVNIKFVDAGEGDEGDIRFATYSESFGGDSFAFLPDVPEALRGLMLLLRNATNTTNESPAVGSYGLRTLTHELLHCLGLSHPWGDEGGSSNPTCEDADYAEDTLATSVMSHCSAENIGADFKGAYASSPLLDDIEALTKLYGRNTTTFTGDNVFGANSNIPRPEYTITSASTKPIFTIWDAGGTDTLDASICTENMTINLTPGKFSDVCGLKGNVSIAKGVTVENAIGGSGNDLLIGNGGADTLTGGAGNDILYGGAGADTLTGGAGADTYVFLDVAESPASSPDTITDFVAGTDKIDLSGLKQFSKDKLKLTYVDKFTGKAGEVIIKYDPATGTGSLEIDFNGDAKPDFKINLKGKLTKDDIVT,0.7958217859268188,results/pdb/single_shot/pred_0018.pdb
AVSEASQKVADYLKAFPRGTPTLINGKPSYTIDQMADQLLRAGCKWTKAEGETVLTLSYSFATAPDDFYNNPSKYIPGIKDLGTFSPLTDTQKAMTKIALKSIEDVVNIKFVDKGDGHEGDIVFAKYSKSFGGNSFAFLPCVPAELKGKVLLLSNATNTINDNPAEGTLGQRILTHEILHALGLNHPTGSEGGTKNPTCKDNDFAEDTLAYSVMSSCSAAETGADFKGSFPSSPLIADIAALQKLYGRNTTTWTGDTVFGWNSNVDRPYYTATSANTKLYATIVTAGGTDTLDASGCTSNDKINLTPGKFSDICGLKGNVSIAPGVTVNNAIGGSGNDLIVGDSGADTLTGGAGNDILYGGAGADTLTGGAGNDTYVFTDLSESTAEKPDTITDFKAGRDTIDLSALDEFRKNKLKLTFVDKFTGKSGEVIIKYDKATGTGSIEIDFNGDAKPDFKINLKGKVTKDDIKI,0.7591954469680786,results/pdb/single_shot/pred_0019.pdb
GISSAAQQVLDYLNAFPRGTPDLVNGKPSFTVAEMADQILRRGARWTKAPGETVLTLSYSFATSPDDFYKNPSKYVPGIKSLGTFSPLSANQKAKTKEALASIAKVVNIKFVDKGDGHDGDITFAKYSKSQGGNSFAFLPDVPAELKGRVYLLENDTNKINDNPAVGNEGMRNLTHELLHALGLSHPSGYEGGKKNPTCADNVHAEDTLQYSVLSYCPATNNGGDFKGAYASTPLLCDIAALQKLYGVNTTTYTGNNVFGANSNINDAAYTITSASSKPIFTIHTAGGTDTLDTSICTEADKINLNAGKFSDICGLKGNVSIAPGVTVDNAIGGSGNDLLIGNSGADTLTGGAGNDIIYGGAGADTLTGGSGSDTYVYTDKSESTAEKPDLITDFVAGTDTVDLSALKEFSEKGLKLTYVDKFTGKPGEVILKYDPATGTGSLEIDINGDAKPDFKINFKGKLTKDDIIT,0.7547861337661743,results/pdb/single_shot/pred_0020.pdb
AVSAASAAVAAYQNAFPRGTSTLVNGKPSFTIDEAAEQLLRAGCRWTRAAGQTVLTLSYSFLTEPNEFYLNPSDYIPGIKDLGDFSPLTAKQKEMTKKALEAIANVVNINFVDAGDGDEGDIRFGNYSKSFGGISFAFLPCVPEKLRGLVLLLVNEKYTVNKNPAEGTLGQRILTHELLHALGLTHPWGDPGGTARPTCKDTLHSEATLQYSVMSHCPASNDGGDFQGAYPSAPLIIDIAALQKLYGRNTTTYTGNNVFGSNSNINEAWLTITSSSDKPIATIHAAGGTDTVDNSICTSSQKIDLTAGKFSDICGLKANFSIAPGVTIENAIGGSGNDLLIGNAGADTLTGGAGNDILYGGAGADTLTGGAGADTYVFTDPAESPASAPDTLTDFVAGTDKIDLSALPAFSTGGLKLTYVSEFTGKAGEVIIGYDAATGTGSIDIDINGDAKPDFRINAKGTITKDDIVT,0.7691556811332703,results/pdb/single_shot/pred_0021.pdb
GVSEASKKVEDYLKAYPRGTPTLVNGKPSYTVDEMADRLLRRGARWTKAAGQTVLTLSYSFLTAPDDFYLNPSRYVPGWKDLGEFSAPTANQRAQARRALAAIADVVNIEFVDAGDGDSGDLRLANYSKSTGGNAFSFLPDVPPELRGLSLFLVNDTNTVNKNPAVGNYGERTLTHELLHNLGLSHPTGAAGGRANPTFADADFAEDNLAYTVMSHFPATNSGFDFKGAYPSKPMLDDVAALQKLYGRNTTTYTGNTVFGWNSNINDPAYTVTSASDIPVATIVDAGGTDTLDASGCTEAMKIDLRAEHFSDVCGTKGNVSIAPGVTVHNAIGGSGNDLLVGNGGADTLTGGAGNDILYGGAGADTLTGGSGADTYVYLDPAESPASAPDLITDFKAGTDKIDLSALEAFSKNGLKLTYVDKFTGKAGEVIIGYDAATGKGSIEIDINGDAKPDFKIDLTGKLTKSDIVT,0.7771719098091125,results/pdb/single_shot/pred_0022.pdb
GISEASKKVLDYRNAFPRGTPALVNGKPSFTTDEMADQILRAGARWERAEGQKVLTLSYSFMTEPDDFYLNPSAYIPGWTSLGTFSPLTPVQKAALKQSLSAISRVVNIKFVDAGEGHSGDLRFANYSTSQGGTSFAFLPNVPEALRGRVLLLRNASNTTNDNPAVGTLGQRTLTHETLHALGLSHPTGWDSGTSNPTCADAYWAEDNLATSVLSWCPATTIGADFKGAYPSAPLLDDIEALQKLYGRNTTTFTGNNVFGANSNIPEAWYTVTSASDKLIATIVDAGGTDTLDASIYTTDDKINLNEGKFSDVGGNIGNVSIAKGVTVDNAIGGSGDDIIIGNGGADTLTGGAGDDIIYGGAGADTLTGGTGDDTYVYTSKAESPASAPDLITDFVAGRDKVDLSALEEFSKNGLKLTFVDKFTGKAGEVILSYDKATGKGSLEIDFNGDAKPDFKINFTGKLTKDDIVV,0.7953436374664307,results/pdb/single_shot/pred_0023.pdb
SISENAKKVLDYQNAYPIGTSELINGKPSFTVDQAADQILRAGARWERAEGEEVLTLTYSFLTSPTNFYNNPSKYVPGWSSLGNFSPLSSNQKAMTKQAMASIERVCNIKFVDAGNGDSGDIRVGKYSTSIGGNSFAFLPNVPPELRGLILLLENDSITVNKNPAVGTLGQRILTHELLHALGLTHPTGHEGGSDNPTCEDTLFAEDTLAYSVLSHCDAKNTGADFKGAYPSAPMLYDIEALQKLYGRNTTTYTGDTVFGWNSNVPEAWLTMNSASDKLIATIVAAGGTDTLDASGCTTNQKINLTEGKFSDICGLKGNVSIAKGVTLENAIGGSGNDLLIGNAGADTLTGGAGNDILKGGAGADTLTGGTGNDTYVFTDWAESPASAPDTITDFKAGTDKIDLSALKEFYEKKLKLTFVDKFTGKPGEVIISYDEATGKGSLEIDFNGDAKPDFKINLNGKLTKNDIIY,0.7616514563560486,results/pdb/single_shot/pred_0024.pdb
GISSAAQKVLDYRNAYPVGSPALINGKPSFTVDEAADQLLRSGARWERAPGETVLRLSYSFMTAPNDFYNNPSKYIPGWSSLGTFSAPSANQKAAFKQALAAIADVVNIEFVDAGDGDAGDITLAKYSKSIGGNSFAFLPDVDPALRGMILLLVNSTNKTNENPAVGTLGQRILTHELLHALGLDHPTGGSSGKLAPTCADALFAEDNLAYSVMSFCDAKESGFDFQGAYPSAPLLYDIAALQKLYGRNTTTYTGNTVYGANSNIPRAYYTITSSTTKPIATIHDAGGTDTVDASICTTNDTIDLTPGKFSDICGLKGNFSIAPGVTIHNAVGGSGNDLIIGNSGADTLNGGAGNDILYGGAGADTLTGGSGNDTYVYTDKAESPASAPDTITDFVAGTDKIDLSALPQFSTNKLKLTYVDKFTGKAGEVIITYDKATGKGGLKIDFNGDAKPDFQINLNGELTKDDIVT,0.8084821701049805,results/pdb/single_shot/pred_0025.pdb
AVSEASKKVIDALNANPIGTPELKNGKPSFTVEEAADQILRAGCKWEKAPGASVLTLSYSFATSPNEFYKNPEKYIPGWKDLGEFSPLSANQKAMTKQALANIADVVNINFVDAGDGWSGDITFANYSKSIGGSSFAFLPCVPEALKGIVLLLKNSTFTINDNPAVGNLGFRTLTHELLHALGLSHPSGSSGGGKNPTFKDATFAEDTLLYSVMSHYSAANNGGDFKGAYASSPMIFDVAALQKLYGRNTTTYTGNNTYGANSNINRADYTITSSSTVLKATIVDAGGTDTLDASICSSPQVINLNAEKFSDVCGTKFNVSIAPGVTIENAIGGSGNDLLIGNAGADTLNGGAGNDILYGGKGADTLTGGAGNDTYVFLDKSESPASAPDTITDFVAGTDKIDLSALKEFSENGLKLTFVTEFTGKPGEVIISYDAATGTGSLEIDFDGDAKPDFRINLKGKLTEDDIVT,0.8047353625297546,results/pdb/single_shot/pred_0026.pdb
GISSASQQVLTYLNAFPRGTPALINGKPSYTAQQHADLLLRRGAKWTTAEGKTVLTLSYSFLTAPDDFYLNPSKYIPGWSSLGTFSPMTANQKAQAKIALQAIADVVNIEFVDAGDGHSGDIKFGKYSKSQGGISFAFLPDVPPELRGRVYLLVNATNTTNDNPATGNLGMRIITHELLHALGLSHPSGSAGGRSNPTCEDNDHAEDNLATTVNSLCPATDIGADFKGAYPSAPMLDDIVALQKLYGRNTTTYTGDNVFGYNSNINRPWLTITSATAKPKFTIHKAGGTDTLDASGCTTAMKINLTEGKFSDVCGLKGNVSIAPGVTLHNAIGGSGNDLIIGNGGADTLNGGAGNDILYGGAGADTLTGGTGNDTYVYTDKAESPASAPDTITDFVAGTDKIDLSALPEFSTNKLKLTYVDKFTGKAGEVIIGYDAATGTGSLEIDFNGDAKPDFKINLTGKLTEDDIIT,0.7931512594223022,results/pdb/single_shot/pred_0027.pdb
GISAASQKVKDYLNKYPRGTPELINGKPSYTVDEHAAQLLRSGAGWTKAEGADVLTLTYSFATAPDDFYKNPSAYIPGWSDLGTFSPLTANQKAMTKQALAAIADVVNINFVDAGDGHAGDITFAKYSKSFGGSSFAFLPNVPAALKGKVLFLSNETFTVNDNPAVGTLGMRLLTHELLHALGLNHPTGSSGGGSNPTCADADYAEDNLAYSVMSNCPATNTGFDFKGAYASAPLLDDIAALQKLYGRNTTTFTGDTVFGWNSNIPRAWYTATSAATKLFATIVDAGGTDTLDASGCTEADEINLQPEKFSDVCGLKGNVSIAPGVTVENAVGGSGADLIVGDAGADTLNGGAGADILYGGAGADTLSGGAGADTYVYLDPAESTAAAPDTLTDFVAGTDTVDLSALPEFSEKGLKLTFVTEFTGKAGEVILSYDSTTNTGSLEIDFNGDAKPDFRINFTGTLTESDIKV,0.7784019112586975,results/pdb/single_shot/pred_0028.pdb
AVSSATAQVQAALKAYPRGTPELINGKPSFTVEEAAEQLLRLGARWVRAPGESVLTLSYSFATSPDNFYNNPSNYIPGWSDLGTFSPMTATQKEMTKKALNNIERVVNIKFVDAGDGHSGDIRFATYSKSIGGISFAFLPDVPEELRGIVLLLVNETETVNENPAVGNKGMRILTHEILHALGLNHPSGLDGGSSNPTCADNYFAEDTLAYSVLSDCPATEDGFDFKGAYASGPLLIDIEALQKLYGRNTTTYTGNNIFGYNSNINDDEYTITSANSIPIATIVQAGGTDTLDASGCSTADTINLQEEKFSDVCGTKGNVSIAKGVTIDNAIGGAGNDLLIGNAGADTLTGGAGNDILYGGAGADTLTGGAGNDTYVYTDWSESSAANPDTITDFVAGRDKIDLSGLDEFTKKGMKLTYVDKFTGKPGEVIISYDPETGTGSLEIDVNGDAKPDFKINLKGKLTKDDIVT,0.7683532238006592,results/pdb/single_shot/pred_0029.pdb
